DayOfWeek,PercentDelayed
Monday,0.20441615576782848
Tuesday,0.16251827300138857
Wednesday,0.16970048110772118
Thursday,0.19825933492088435
Friday,0.20470367473838108
Saturday,0.15504123167522493
Sunday,0.17805583526849017
