DayOfWeek,PercentDelayed
1,0.20441615576782848
2,0.16251827300138857
3,0.16970048110772118
4,0.19825933492088435
5,0.20470367473838108
6,0.15504123167522493
7,0.17805583526849017
