MonthOfYear,PercentDelayed
1,0.2147232426162017
2,0.15328910657821315
3,0.1779928791161088
4,0.19377315338191559
5,0.1938562952101865
6,0.21963735256295877
7,0.21249045856676213
8,0.202913504214484
9,0.1276680833180823
10,0.13875506566446383
11,0.12529877859976699
12,0.22100749841341444
