MonthOfYear,PercentDelayed
January,0.2147232426162017
February,0.15328910657821315
March,0.1779928791161088
April,0.19377315338191559
May,0.1938562952101865
June,0.21963735256295877
July,0.21249045856676213
August,0.202913504214484
September,0.1276680833180823
October,0.13875506566446383
November,0.12529877859976699
December,0.22100749841341444
